Workbook

Sheet Situatie 1
A1: Projectcalculatieformulier | B1: =YEAR(NOW())+1 -> 2026 | C1: =YEAR(NOW())+2 -> 2027 | D1: =YEAR(NOW())+3 -> 2028 | E1: =YEAR(NOW())+4 -> 2029 | F1: =YEAR(NOW())+5 -> 2030
A2: EENMALIGE KOSTEN
A7: 0
A8: TOTAAL EENMALIGE KOSTEN | B8: =SUM(B3:B7) -> 0
A10: EXPLOITATIE OUDE SYSTEEM
A15: TOTALE WERKINGSKOSTEN OS | B15: =SUM(B11:B14) -> 0 | C15: =SUM(C11:C14) -> 0 | D15: =SUM(D11:D14) -> 0 | E15: =SUM(E11:E14) -> 0 | F15: =SUM(F11:F14) -> 0
A17: EXPLOITATIE NIEUWE SYSTEEM
A22: TOTALE WERKINGSKOSTEN NS | B22: =SUM(B18:B21) -> 0 | C22: =SUM(C18:C21) -> 0 | D22: =SUM(D18:D21) -> 0 | E22: =SUM(E18:E21) -> 0 | F22: =SUM(F18:F21) -> 0
A24: TOTALE BESPARINGEN | B24: =B15-B22 -> 0 | C24: =C15-C22 -> 0 | D24: =D15-D22 -> 0 | E24: =E15-E22 -> 0 | F24: =F15-F22 -> 0
A26: ANDERE OPBRENGSTEN
A29: TOTAAL ANDERE OPBRENGSTEN | B29: =SUM(B27:B28) -> 0 | C29: =SUM(C27:C28) -> 0 | D29: =SUM(D27:D28) -> 0 | E29: =SUM(E27:E28) -> 0 | F29: =SUM(F27:F28) -> 0
A30: TOTAAL OPBRENGSTEN | B30: =B24+B29 -> 0 | C30: =C24+C29 -> 0 | D30: =D24+D29 -> 0 | E30: =E24+E29 -> 0 | F30: =F24+F29 -> 0
A32: ACTUALISEREN van de opbrengsten
A33: =-B8 -> 0 | B33: =B30/(1+A7)^0 -> 0 | C33: =C30/(1+A7)^1 -> 0 | D33: =D30/(1+A7)^2 -> 0 | E33: =E30/(1+A7)^3 -> 0 | F33: =F30/(1+A7)^4 -> 0
A34: Gecum. NCW | B34: =A33+B33 -> 0 | C34: =B34+C33 -> 0 | D34: =C34+D33 -> 0 | E34: =D34+E33 -> 0 | F34: =E34+F33 -> 0
A36: Vul onderstaande gegevens in, deze worden gekopieerd naar het laatste tabblad.
A37: Kengetal | B37: NCW | C37: TVT | D37: IR(R)
A38: Uitkomst analyse | B38: =F34 -> 0 | C38: 25569 | D38: 0

Sheet Situatie 2
A1: Projectcalculatieformulier | B1: =YEAR(NOW())+1 -> 2026 | C1: =YEAR(NOW())+2 -> 2027 | D1: =YEAR(NOW())+3 -> 2028 | E1: =YEAR(NOW())+4 -> 2029 | F1: =YEAR(NOW())+5 -> 2030
A2: EENMALIGE KOSTEN
A7: 0
A8: TOTAAL EENMALIGE KOSTEN | B8: =SUM(B3:B7) -> 0
A10: EXPLOITATIE OUDE SYSTEEM
A15: TOTALE WERKINGSKOSTEN OS | B15: =SUM(B11:B14) -> 0 | C15: =SUM(C11:C14) -> 0 | D15: =SUM(D11:D14) -> 0 | E15: =SUM(E11:E14) -> 0 | F15: =SUM(F11:F14) -> 0
A17: EXPLOITATIE NIEUWE SYSTEEM
A22: TOTALE WERKINGSKOSTEN NS | B22: =SUM(B18:B21) -> 0 | C22: =SUM(C18:C21) -> 0 | D22: =SUM(D18:D21) -> 0 | E22: =SUM(E18:E21) -> 0 | F22: =SUM(F18:F21) -> 0
A24: TOTALE BESPARINGEN | B24: =B15-B22 -> 0 | C24: =C15-C22 -> 0 | D24: =D15-D22 -> 0 | E24: =E15-E22 -> 0 | F24: =F15-F22 -> 0
A26: ANDERE OPBRENGSTEN
A29: TOTAAL ANDERE OPBRENGSTEN | B29: =SUM(B27:B28) -> 0 | C29: =SUM(C27:C28) -> 0 | D29: =SUM(D27:D28) -> 0 | E29: =SUM(E27:E28) -> 0 | F29: =SUM(F27:F28) -> 0
A30: TOTAAL OPBRENGSTEN | B30: =B24+B29 -> 0 | C30: =C24+C29 -> 0 | D30: =D24+D29 -> 0 | E30: =E24+E29 -> 0 | F30: =F24+F29 -> 0
A32: ACTUALISEREN van de opbrengsten
A33: =-B8 -> 0 | B33: =B30/(1+A7)^0 -> 0 | C33: =C30/(1+A7)^1 -> 0 | D33: =D30/(1+A7)^2 -> 0 | E33: =E30/(1+A7)^3 -> 0 | F33: =F30/(1+A7)^4 -> 0
A34: Gecum. NCW | B34: =A33+B33 -> 0 | C34: =B34+C33 -> 0 | D34: =C34+D33 -> 0 | E34: =D34+E33 -> 0 | F34: =E34+F33 -> 0
A36: Vul onderstaande gegevens in, deze worden gekopieerd naar het laatste tabblad.
A37: Kengetal | B37: NCW | C37: TVT | D37: IR(R)
A38: Uitkomst analyse | B38: =F34 -> 0 | C38: 25569 | D38: 0

Sheet Situatie 3
A1: Projectcalculatieformulier | B1: =YEAR(NOW())+1 -> 2026 | C1: =YEAR(NOW())+2 -> 2027 | D1: =YEAR(NOW())+3 -> 2028 | E1: =YEAR(NOW())+4 -> 2029 | F1: =YEAR(NOW())+5 -> 2030
A2: EENMALIGE KOSTEN
A7: 0
A8: TOTAAL EENMALIGE KOSTEN | B8: =SUM(B3:B7) -> 0
A10: EXPLOITATIE OUDE SYSTEEM
A15: TOTALE WERKINGSKOSTEN OS | B15: =SUM(B11:B14) -> 0 | C15: =SUM(C11:C14) -> 0 | D15: =SUM(D11:D14) -> 0 | E15: =SUM(E11:E14) -> 0 | F15: =SUM(F11:F14) -> 0
A17: EXPLOITATIE NIEUWE SYSTEEM
A22: TOTALE WERKINGSKOSTEN NS | B22: =SUM(B18:B21) -> 0 | C22: =SUM(C18:C21) -> 0 | D22: =SUM(D18:D21) -> 0 | E22: =SUM(E18:E21) -> 0 | F22: =SUM(F18:F21) -> 0
A24: TOTALE BESPARINGEN | B24: =B15-B22 -> 0 | C24: =C15-C22 -> 0 | D24: =D15-D22 -> 0 | E24: =E15-E22 -> 0 | F24: =F15-F22 -> 0
A26: ANDERE OPBRENGSTEN
A29: TOTAAL ANDERE OPBRENGSTEN | B29: =SUM(B27:B28) -> 0 | C29: =SUM(C27:C28) -> 0 | D29: =SUM(D27:D28) -> 0 | E29: =SUM(E27:E28) -> 0 | F29: =SUM(F27:F28) -> 0
A30: TOTAAL OPBRENGSTEN | B30: =B24+B29 -> 0 | C30: =C24+C29 -> 0 | D30: =D24+D29 -> 0 | E30: =E24+E29 -> 0 | F30: =F24+F29 -> 0
A32: ACTUALISEREN van de opbrengsten
A33: =-B8 -> 0 | B33: =B30/(1+A7)^0 -> 0 | C33: =C30/(1+A7)^1 -> 0 | D33: =D30/(1+A7)^2 -> 0 | E33: =E30/(1+A7)^3 -> 0 | F33: =F30/(1+A7)^4 -> 0
A34: Gecum. NCW | B34: =A33+B33 -> 0 | C34: =B34+C33 -> 0 | D34: =C34+D33 -> 0 | E34: =D34+E33 -> 0 | F34: =E34+F33 -> 0
A36: Vul onderstaande gegevens in, deze worden gekopieerd naar het laatste tabblad.
A37: Kengetal | B37: NCW | C37: TVT | D37: IR(R)
A38: Uitkomst analyse | B38: =F34 -> 0 | C38: 25569 | D38: 0

Sheet Conclusie
A1: Situatie 1
A2: NCW | C2: TVT | E2: IRR
A3: ='Situatie 1'!B38 -> 0 | C3: ='Situatie 1'!C38 -> 25569 | E3: ='Situatie 1'!D38 -> 0
A5: Situatie 2
A6: NCW | C6: TVT | E6: IRR
A7: ='Situatie 2'!B38 -> 0 | C7: ='Situatie 2'!C38 -> 25569 | E7: ='Situatie 2'!D38 -> 0
A9: Situatie 3
A10: NCW | C10: TVT | E10: IRR
A11: ='Situatie 3'!B38 -> 0 | C11: ='Situatie 3'!C38 -> 25569 | E11: ='Situatie 3'!D38 -> 0
A13: Welk van de drie voorstellen verdient volgens jullie de voorkeur? Verwijs expliciet naar de cijfermatige resultaten uit jullie eigen analyses.
A25: Welke aannames hebben jullie gemaakt die volgens het team het sterkst hebben meegewogen in je beslissing? Waarom waren net deze aannames belangrijk? M.a.w.: hoe ben je tot jouw voorkeur gekomen?
A37: Wat is volgens jullie de grootste onzekerheid in deze analyses, en hoe zou deze (positief of negatief) jullie voorkeur kunnen veranderen?

Sheet PE Gegevens
A1: PE2: Kosten- en batenanalyse
A2: AJ: 2025-2026 – 2TIN
A3: Lectoren: Lowie Vangaal – Jan Castermans
A4: Type taak: groepstaak - Weging: 4%
A6: PE 2: Opgave Kosten- en batenanalyse- academiejaar 2025 – 2026
A7: · Voor de uitwerking gebruik je dit Excel-document, andere uitwerken worden niet nagekeken.
A8: o Gelieve geen afrondingen uit te voeren. Geldbedragen zijn afgerond tot 2 cijfers na de komma. Ook de IRR noteer je tot 2 cijfers na de komma.
A9: o De TVT noteer je in het datumformaat ‘dd/mm/jjjj’. Je dient geen rekening te houden met schrikkeljaren. Afwijkingen tot 2 dagen worden geaccepteerd.
A10: o De analyse start op 01 januari 2026.
A11: · Controleer grondig alle uitwerkingen en de samenvatting op het vierde tabblad.
A12: o Fouten in de berekening kunnen drastische gevolgen hebben in jullie eindconclusie en op het totaalcijfer van de PE.
A15: Tijdstip | B15: 0.35416667
A16: Datum | B16: 45981
A17: Klas | B17: 2TIN D
